,mean,std
0,0.720475903842406,0.02169931605678509
1,0.5598634658657207,0.025169192291280777
2,0.7148542202373653,0.017899670079910467
